Title,Price,Date
"
                     DUDEME I Predict The Future | Geek Half Sleeve T Shirt for Men | Coding T Shirt for Coders | Programmer T Shirt | Developer T Shirt | Round Neck Cotton T-Shirt …
                    ","
                      ₹499
                     ",2024-02-14
"
                     DUDEME I Predict The Future | Geek Half Sleeve T Shirt for Men | Coding T Shirt for Coders | Programmer T Shirt | Developer T Shirt | Round Neck Cotton T-Shirt …
                    ","
                      ₹499
                     ",2024-02-14
DUDEME I Predict The Future | Geek Half Sleeve T Shirt for Men | Coding T Shirt for Coders | Programmer T Shirt | Developer T Shirt | Round Neck Cotton T-Shirt …,,2024-02-14
DUDEME I Predict The Future | Geek Half Sleeve T Shirt for Men | Coding T Shirt for Coders | Programmer T Shirt | Developer T Shirt | Round Neck Cotton T-Shirt …,,2024-02-14
DUDEME I Predict The Future | Geek Half Sleeve T Shirt for Men | Coding T Shirt for Coders | Programmer T Shirt | Developer T Shirt | Round Neck Cotton T-Shirt …,,2024-02-14
DUDEME I Predict The Future | Geek Half Sleeve T Shirt for Men | Coding T Shirt for Coders | Programmer T Shirt | Developer T Shirt | Round Neck Cotton T-Shirt …,,2024-02-14
DUDEME I Predict The Future | Geek Half Sleeve T Shirt for Men | Coding T Shirt for Coders | Programmer T Shirt | Developer T Shirt | Round Neck Cotton T-Shirt …,,2024-02-14
DUDEME I Predict The Future | Geek Half Sleeve T Shirt for Men | Coding T Shirt for Coders | Programmer T Shirt | Developer T Shirt | Round Neck Cotton T-Shirt …,,2024-02-14
DUDEME I Predict The Future | Geek Half Sleeve T Shirt for Men | Coding T Shirt for Coders | Programmer T Shirt | Developer T Shirt | Round Neck Cotton T-Shirt …,,2024-03-09
DUDEME I Predict The Future | Geek Half Sleeve T Shirt for Men | Coding T Shirt for Coders | Programmer T Shirt | Developer T Shirt | Round Neck Cotton T-Shirt …,,2024-03-09
